id,series,method,original_label,observed_behavior,rows,input_tokens,cached_input_tokens,cache_write_input_tokens,output_tokens,reasoning_output_tokens,total_tokens,normalized_usd,no_cache_usd
b2-direct-m3-2026-09-30T18-18-57-723Z,B,M3,direct,code_assisted_row_output,1000,91657,59392,0,20676,2393,112333,0.3245204,0.431426
b2-direct-m3-2026-09-30T18-41-24-615Z,B,M3,direct,code_assisted_row_output,1000,184952,151808,0,22645,2303,207597,0.3683896,0.641644
b2-direct-m3-2026-09-30T19-01-35-753Z,B,M3,direct,code_assisted_row_output,1000,69861,47360,0,21008,2640,90869,0.30657,0.391818
b2-direct-m4-2026-09-30T18-13-39-627Z,B,M4,direct,model_only_row_output,1000,38712,0,38709,45181,740,83893,0.6389505,0.619596
b2-direct-m4-2026-09-30T18-34-12-122Z,B,M4,direct,model_only_row_output,1000,38712,38709,0,46975,2520,85687,0.5714478,0.641124
b2-direct-m4-2026-09-30T19-24-30-689Z,B,M4,direct,model_only_row_output,1000,38712,38709,0,45477,1034,84189,0.5534718,0.623148
b2-r1-m2-direct,B,M2,direct,code_assisted_row_output,1000,175132,129024,0,21153,2795,196285,0.3718568,0.6041
b2-r1-m2-script,B,M2,script,code_only,1000,30979,21248,0,802,391,31781,0.0333356,0.071582
b2-r2-m2-direct,B,M2,direct,code_assisted_row_output,1000,115500,84224,0,19129,1534,134629,0.3089448,0.460548
b2-r2-m2-script,B,M2,script,code_only,1000,30973,21248,0,873,449,31846,0.0341756,0.072422
b2-r3-m2-direct,B,M2,direct,code_assisted_row_output,1000,115319,84224,0,18720,1147,134039,0.3036748,0.455278
b2-r3-m2-script,B,M2,script,code_only,1000,30967,21248,0,838,420,31805,0.0337436,0.07199
b2-script-m3-2026-09-30T17-48-41-714Z,B,M3,script,code_only,1000,15351,0,0,989,516,16340,0.04257,0.04257
b2-script-m3-2026-09-30T19-00-20-667Z,B,M3,script,code_only,1000,15351,0,0,1522,963,16873,0.048966,0.048966
b2-script-m3-2026-09-30T19-17-11-570Z,B,M3,script,code_only,1000,15351,0,0,1022,516,16373,0.042966,0.042966
b2-script-m4-2026-09-30T18-26-10-017Z,B,M4,script,code_only,1000,232,0,0,2110,1426,2342,0.025784,0.025784
b2-script-m4-2026-09-30T18-51-15-862Z,B,M4,script,code_only,1000,232,0,0,2144,1622,2376,0.026192,0.026192
b2-script-m4-2026-09-30T19-08-53-427Z,B,M4,script,code_only,1000,232,0,0,2130,1621,2362,0.026024,0.026024
c-m2,C,M2,script,code_only,215849,31309,21248,0,950,516,32259,0.0357716,0.074018
c-m3,C,M3,script,code_only,215849,15313,12032,0,684,265,15997,0.0171764,0.038834
c-m4,C,M4,script,code_only,215849,270,0,0,1728,1154,1998,0.021276,0.021276
