"raw_id","report_year","accident_type"
"32","2018","Derailment"
"45","2022","Derailment"
"46","2022","Derailment"
"47","2022","Derailment"
"57","2018","Derailment"
"59","2021","Derailment"
"61","2021","Derailment"
"74","2018","Derailment"
"76","2018","Derailment"
"77","2018","Derailment"
"90","2018","Derailment"
"91","2018","Derailment"
"97","2021","Derailment"
"98","2021","Derailment"
"107","2018","Derailment"
"117","2018","Derailment"
"118","2018","Derailment"
"119","2018","Derailment"
"120","2018","Derailment"
"130","2022","Derailment"
"131","2022","Derailment"
"132","2022","Derailment"
"133","2022","Derailment"
"134","2022","Derailment"
"145","2022","Derailment"
"167","2021","Derailment"
"182","2018","Derailment"
"185","2020","Derailment"
"186","2018","Derailment"
"188","2019","Derailment"
"192","2021","Derailment"
"193","2021","Derailment"
"194","2021","Derailment"
"199","2022","Derailment"
"211","2020","Derailment"
"212","2020","Derailment"
"213","2020","Derailment"
"214","2020","Derailment"
"223","2022","Derailment"
"225","2022","Derailment"
"226","2019","Derailment"
"227","2019","Derailment"
"228","2019","Derailment"
"229","2019","Derailment"
"232","2021","Derailment"
"236","2019","Derailment"
"237","2019","Derailment"
"240","2018","Derailment"
"249","2021","Derailment"
"250","2021","Derailment"
"251","2021","Derailment"
"252","2021","Derailment"
"256","2022","Derailment"
"275","2018","Derailment"
"276","2018","Derailment"
"281","2020","Derailment"
"282","2020","Derailment"
"284","2022","Derailment"
"289","2021","Derailment"
"296","2021","Derailment"
"308","2018","Derailment"
"309","2018","Derailment"
"310","2018","Derailment"
"313","2018","Derailment"
"314","2018","Derailment"
"322","2018","Derailment"
"324","2018","Derailment"
"325","2018","Derailment"
"336","2018","Derailment"
"338","2018","Derailment"
"341","2018","Derailment"
"343","2018","Derailment"
"345","2018","Derailment"
"346","2018","Derailment"
"347","2019","Derailment"
"348","2019","Derailment"
"349","2019","Derailment"
"350","2019","Derailment"
"351","2019","Derailment"
"352","2018","Derailment"
"355","2019","Derailment"
"356","2020","Derailment"
"357","2019","Derailment"
"358","2018","Derailment"
"359","2020","Derailment"
"361","2020","Derailment"
"362","2020","Derailment"
"363","2019","Derailment"
"366","2019","Derailment"
"367","2020","Derailment"
"368","2020","Derailment"
"371","2020","Derailment"
"399","2021","Derailment"
"403","2020","Derailment"
"404","2020","Derailment"
"405","2020","Derailment"
"420","2021","Derailment"
"421","2021","Derailment"
"425","2021","Derailment"
"459","2022","Derailment"
"464","2022","Derailment"
"467","2022","Derailment"
"481","2022","Derailment"
"482","2022","Derailment"
"484","2022","Derailment"
"509","2018","Derailment"
"511","2021","Derailment"
"512","2021","Derailment"
"513","2020","Derailment"
"518","2022","Derailment"
"519","2022","Derailment"
"525","2020","Derailment"
"526","2020","Derailment"
"531","2019","Derailment"
"533","2021","Derailment"
"535","2021","Derailment"
"547","2022","Derailment"
"559","2018","Derailment"
"560","2018","Derailment"
"561","2018","Derailment"
"562","2019","Derailment"
"583","2021","Derailment"
"586","2020","Derailment"
"597","2021","Derailment"
"598","2021","Derailment"
"604","2018","Derailment"
"606","2018","Derailment"
"609","2020","Derailment"
"620","2019","Derailment"
"623","2019","Derailment"
"639","2022","Derailment"
"645","2019","Derailment"
"647","2019","Derailment"
"650","2018","Derailment"
"658","2022","Derailment"
"659","2022","Derailment"
"660","2022","Derailment"
"666","2021","Derailment"
"667","2020","Derailment"
"668","2020","Derailment"
"670","2020","Derailment"
"689","2022","Derailment"
"701","2019","Derailment"
"703","2018","Derailment"
"706","2020","Derailment"
"709","2020","Derailment"
"720","2021","Derailment"
"730","2022","Derailment"
"745","2019","Derailment"
"750","2020","Derailment"
"753","2021","Derailment"
"761","2022","Derailment"
"762","2022","Derailment"
"772","2018","Derailment"
"773","2018","Derailment"
"779","2021","Derailment"
"780","2019","Derailment"
"782","2018","Derailment"
"783","2018","Derailment"
"785","2018","Derailment"
"787","2018","Derailment"
"789","2019","Derailment"
"791","2018","Derailment"
"793","2018","Derailment"
"794","2018","Derailment"
"795","2018","Derailment"
"796","2020","Derailment"
"798","2020","Derailment"
"800","2020","Derailment"
"801","2019","Derailment"
"802","2019","Derailment"
"804","2020","Derailment"
"810","2019","Derailment"
"811","2020","Derailment"
"820","2020","Derailment"
"837","2022","Derailment"
"843","2022","Derailment"
"845","2022","Derailment"
"863","2022","Derailment"
"869","2021","Derailment"
"877","2022","Derailment"
"878","2022","Derailment"
"882","2021","Derailment"
"883","2021","Derailment"
"888","2022","Derailment"
"915","2022","Derailment"
"916","2021","Derailment"
"924","2022","Derailment"
"925","2022","Derailment"
"929","2021","Derailment"
"930","2021","Derailment"
"932","2021","Derailment"
"938","2022","Derailment"
"951","2021","Derailment"
"952","2021","Derailment"
"964","2021","Derailment"
"972","2021","Derailment"
"975","2021","Derailment"
"994","2021","Derailment"
"995","2022","Derailment"
"996","2022","Derailment"
"997","2022","Derailment"
"998","2022","Derailment"
"999","2022","Derailment"
"1000","2022","Derailment"
"1002","2021","Derailment"
"1003","2021","Derailment"
"1004","2021","Derailment"
"1016","2022","Derailment"
"1039","2021","Derailment"
"1041","2021","Derailment"
"1042","2021","Derailment"
"1044","2021","Derailment"
"1048","2021","Derailment"
"1053","2021","Derailment"
"1056","2021","Derailment"
"1057","2021","Derailment"
"1058","2022","Derailment"
"1081","2021","Derailment"
"1084","2021","Derailment"
"1119","2021","Derailment"
"1136","2021","Derailment"
"1139","2021","Derailment"
"1142","2021","Derailment"
"1143","2021","Derailment"
"1144","2021","Derailment"
"1151","2021","Derailment"
"1152","2021","Derailment"
"1153","2021","Derailment"
"1154","2021","Derailment"
"1155","2021","Derailment"
"1158","2021","Derailment"
"1171","2022","Derailment"
"1173","2020","Derailment"
"1183","2022","Derailment"
"1187","2021","Derailment"
"1188","2021","Derailment"
"1197","2020","Derailment"
"1198","2020","Derailment"
"1203","2020","Derailment"
"1204","2020","Derailment"
"1205","2019","Derailment"
"1206","2019","Derailment"
"1208","2020","Derailment"
"1249","2021","Derailment"
"1250","2020","Derailment"
"1251","2020","Derailment"
"1253","2020","Derailment"
"1254","2020","Derailment"
"1255","2021","Derailment"
"1256","2019","Derailment"
"1257","2020","Derailment"
"1258","2020","Derailment"
"1259","2020","Derailment"
"1272","2020","Derailment"
"1275","2021","Derailment"
"1276","2021","Derailment"
"1277","2021","Derailment"
"1282","2021","Derailment"
"1295","2021","Derailment"
"1307","2021","Derailment"
"1308","2021","Derailment"
"1309","2021","Derailment"
"1342","2019","Derailment"
"1371","2020","Derailment"
"1401","2021","Derailment"
"1432","2020","Derailment"
"1433","2020","Derailment"
"1437","2019","Derailment"
"1438","2020","Derailment"
"1442","2019","Derailment"
"1445","2020","Derailment"
"1446","2020","Derailment"
"1447","2020","Derailment"
"1449","2019","Derailment"
"1450","2019","Derailment"
"1451","2020","Derailment"
"1452","2019","Derailment"
"1453","2020","Derailment"
"1454","2020","Derailment"
"1455","2020","Derailment"
"1458","2020","Derailment"
"1460","2020","Derailment"
"1463","2020","Derailment"
"1465","2019","Derailment"
"1466","2020","Derailment"
"1468","2020","Derailment"
"1469","2020","Derailment"
"1470","2020","Derailment"
"1471","2020","Derailment"
"1473","2020","Derailment"
"1476","2020","Derailment"
"1478","2020","Derailment"
"1479","2019","Derailment"
"1480","2019","Derailment"
"1482","2019","Derailment"
"1483","2019","Derailment"
"1484","2019","Derailment"
"1486","2019","Derailment"
"1491","2020","Derailment"
"1493","2020","Derailment"
"1494","2020","Derailment"
"1495","2020","Derailment"
"1496","2020","Derailment"
"1501","2019","Derailment"
"1502","2019","Derailment"
"1503","2020","Derailment"
"1505","2020","Derailment"
"1506","2020","Derailment"
"1507","2020","Derailment"
"1508","2020","Derailment"
"1510","2020","Derailment"
"1511","2021","Derailment"
"1514","2020","Derailment"
"1515","2020","Derailment"
"1519","2020","Derailment"
"1522","2020","Derailment"
"1523","2020","Derailment"
"1525","2020","Derailment"
"1526","2020","Derailment"
"1527","2019","Derailment"
"1528","2020","Derailment"
"1529","2020","Derailment"
"1531","2019","Derailment"
"1534","2018","Derailment"
"1538","2019","Derailment"
"1540","2019","Derailment"
"1541","2019","Derailment"
"1542","2019","Derailment"
"1543","2019","Derailment"
"1545","2020","Derailment"
"1546","2020","Derailment"
"1547","2020","Derailment"
"1548","2021","Derailment"
"1551","2020","Derailment"
"1552","2020","Derailment"
"1554","2021","Derailment"
"1557","2020","Derailment"
"1558","2021","Derailment"
"1560","2020","Derailment"
"1562","2020","Derailment"
"1563","2020","Derailment"
"1564","2019","Derailment"
"1568","2018","Derailment"
"1569","2018","Derailment"
"1571","2019","Derailment"
"1572","2018","Derailment"
"1575","2018","Derailment"
"1582","2018","Derailment"
"1586","2019","Derailment"
"1587","2019","Derailment"
"1589","2019","Derailment"
"1590","2019","Derailment"
"1592","2019","Derailment"
"1594","2019","Derailment"
"1595","2019","Derailment"
"1599","2019","Derailment"
"1602","2019","Derailment"
"1605","2019","Derailment"
"1606","2019","Derailment"
"1607","2018","Derailment"
"1609","2019","Derailment"
"1610","2019","Derailment"
"1611","2019","Derailment"
"1615","2018","Derailment"
"1617","2021","Derailment"
"1619","2020","Derailment"
"1623","2020","Derailment"
"1624","2021","Derailment"
"1625","2021","Derailment"
"1628","2021","Derailment"
"1631","2020","Derailment"
"1633","2021","Derailment"
"1634","2021","Derailment"
"1637","2021","Derailment"
"1638","2021","Derailment"
"1639","2021","Derailment"
"1640","2021","Derailment"
"1641","2018","Derailment"
"1642","2018","Derailment"
"1643","2018","Derailment"
"1644","2018","Derailment"
"1647","2021","Derailment"
"1648","2021","Derailment"
"1649","2021","Derailment"
"1652","2018","Derailment"
"1653","2018","Derailment"
"1654","2018","Derailment"
"1655","2018","Derailment"
"1656","2018","Derailment"
"1657","2018","Derailment"
"1658","2018","Derailment"
"1660","2020","Derailment"
"1661","2021","Derailment"
"1662","2021","Derailment"
"1663","2021","Derailment"
"1664","2021","Derailment"
"1665","2020","Derailment"
"1667","2020","Derailment"
"1669","2020","Derailment"
"1670","2020","Derailment"
"1671","2021","Derailment"
"1672","2021","Derailment"
"1673","2021","Derailment"
"1676","2021","Derailment"
"1677","2020","Derailment"
"1678","2020","Derailment"
"1679","2020","Derailment"
"1680","2019","Derailment"
"1682","2019","Derailment"
"1686","2018","Derailment"
"1688","2018","Derailment"
"1694","2019","Derailment"
"1695","2018","Derailment"
"1696","2018","Derailment"
"1697","2018","Derailment"
"1698","2018","Derailment"
"1700","2018","Derailment"
"1701","2018","Derailment"
"1707","2019","Derailment"
"1708","2019","Derailment"
"1709","2019","Derailment"
"1710","2019","Derailment"
"1713","2018","Derailment"
"1714","2018","Derailment"
"1715","2018","Derailment"
"1716","2018","Derailment"
"1718","2018","Derailment"
"1724","2019","Derailment"
"1725","2019","Derailment"
"1726","2019","Derailment"
"1727","2019","Derailment"
"1728","2019","Derailment"
"1729","2019","Derailment"
"1733","2018","Derailment"
"1736","2019","Derailment"
"1737","2018","Derailment"
"1738","2019","Derailment"
"1739","2019","Derailment"
"1740","2018","Derailment"
"1749","2019","Derailment"
"1751","2019","Derailment"
"1752","2021","Derailment"
"1753","2021","Derailment"
"1757","2018","Derailment"
"1758","2018","Derailment"
"1759","2018","Derailment"
"1760","2018","Derailment"
"1761","2019","Derailment"
"1764","2019","Derailment"
"1768","2019","Derailment"
"1769","2019","Derailment"
"1770","2021","Derailment"
"1775","2019","Derailment"
"1778","2018","Derailment"
"1781","2018","Derailment"
"1783","2019","Derailment"
"1784","2019","Derailment"
"1785","2019","Derailment"
"1789","2019","Derailment"
"1793","2019","Derailment"
"1794","2019","Derailment"
"1795","2019","Derailment"
"1798","2019","Derailment"
"1799","2019","Derailment"
"1800","2019","Derailment"
"1806","2018","Derailment"
"1807","2019","Derailment"
"1808","2019","Derailment"
"1811","2019","Derailment"
"1813","2019","Derailment"
"1814","2019","Derailment"
"1815","2019","Derailment"
"1816","2020","Derailment"
"1818","2020","Derailment"
"1819","2020","Derailment"
"1825","2018","Derailment"
"1828","2018","Derailment"
"1839","2018","Derailment"
"1840","2018","Derailment"
"1841","2018","Derailment"
"1842","2018","Derailment"
"1846","2018","Derailment"
"1847","2018","Derailment"
"1862","2018","Derailment"
"1876","2019","Derailment"
"1877","2019","Derailment"
"1878","2019","Derailment"
"1879","2019","Derailment"
"1881","2018","Derailment"
"1883","2018","Derailment"
"1884","2018","Derailment"
"1887","2018","Derailment"
"1895","2018","Derailment"
"1918","2018","Derailment"
"1919","2019","Derailment"
"1926","2018","Derailment"
"1927","2018","Derailment"
"1929","2018","Derailment"
"1941","2018","Derailment"
"1943","2022","Derailment"
"1944","2022","Derailment"
"1957","2022","Derailment"
"1958","2022","Derailment"
"1959","2021","Derailment"
"1969","2021","Derailment"
"1978","2022","Derailment"
"1979","2022","Derailment"
"1999","2021","Derailment"
"2000","2022","Derailment"
"2002","2021","Derailment"
"2005","2022","Derailment"
"2007","2022","Derailment"
"2008","2022","Derailment"
"2010","2018","Derailment"
"2017","2018","Derailment"
"2018","2019","Derailment"
"2021","2018","Derailment"
"2022","2018","Derailment"
"2024","2019","Derailment"
"2026","2019","Derailment"
"2027","2019","Derailment"
"2029","2019","Derailment"
"2030","2019","Derailment"
"2031","2019","Derailment"
"2032","2019","Derailment"
"2037","2018","Derailment"
"2038","2018","Derailment"
"2039","2018","Derailment"
"2042","2018","Derailment"
"2043","2018","Derailment"
"2057","2018","Derailment"
"2058","2018","Derailment"
"2076","2019","Derailment"
"2081","2018","Derailment"
"2085","2018","Derailment"
"2090","2018","Derailment"
"2091","2018","Derailment"
"2092","2018","Derailment"
"2099","2022","Derailment"
"2100","2022","Derailment"
"2102","2018","Derailment"
"2107","2021","Derailment"
"2108","2021","Derailment"
"2114","2021","Derailment"
"2115","2019","Derailment"
"2116","2019","Derailment"
"2118","2019","Derailment"
"2119","2021","Derailment"
"2121","2021","Derailment"
"2130","2018","Derailment"
"2139","2021","Derailment"
"2140","2021","Derailment"
"2143","2021","Derailment"
"2144","2019","Derailment"
"2151","2020","Derailment"
"2163","2020","Derailment"
"2170","2020","Derailment"
"2172","2019","Derailment"
"2189","2018","Derailment"
"2202","2022","Derailment"
"2205","2022","Derailment"
"2207","2022","Derailment"
"2211","2022","Derailment"
"2215","2022","Derailment"
"2216","2022","Derailment"
"2217","2022","Derailment"
"2218","2022","Derailment"
"2220","2022","Derailment"
"2221","2022","Derailment"
"2222","2022","Derailment"
"2274","2020","Derailment"
"2276","2020","Derailment"
"2295","2021","Derailment"
"2296","2021","Derailment"
"2302","2020","Derailment"
"2303","2020","Derailment"
"2304","2020","Derailment"
"2305","2019","Derailment"
"2306","2019","Derailment"
"2310","2019","Derailment"
"2311","2020","Derailment"
"2312","2021","Derailment"
"2313","2021","Derailment"
"2315","2019","Derailment"
"2316","2019","Derailment"
"2317","2019","Derailment"
"2318","2019","Derailment"
"2319","2019","Derailment"
"2320","2019","Derailment"
"2323","2021","Derailment"
"2324","2021","Derailment"
"2327","2020","Derailment"
"2328","2020","Derailment"
"2329","2020","Derailment"
"2351","2022","Derailment"
"2352","2022","Derailment"
"2355","2022","Derailment"
"2356","2021","Derailment"
"2364","2021","Derailment"
"2368","2022","Derailment"
"2371","2022","Derailment"
"2372","2022","Derailment"
"2373","2022","Derailment"
"2380","2022","Derailment"
"2381","2022","Derailment"
"2383","2022","Derailment"
"2386","2022","Derailment"
"2391","2022","Derailment"
"2395","2022","Derailment"
"2396","2022","Derailment"
"2413","2020","Derailment"
"2414","2020","Derailment"
"2416","2020","Derailment"
"2417","2019","Derailment"
"2418","2020","Derailment"
"2419","2020","Derailment"
"2420","2020","Derailment"
"2421","2019","Derailment"
"2422","2020","Derailment"
"2424","2019","Derailment"
"2425","2021","Derailment"
"2436","2021","Derailment"
"2444","2021","Derailment"
"2445","2021","Derailment"
"2448","2021","Derailment"
"2451","2020","Derailment"
"2462","2021","Derailment"
"2464","2021","Derailment"
"2469","2021","Derailment"
"2493","2022","Derailment"
"2494","2022","Derailment"
"2508","2022","Derailment"
"2533","2022","Derailment"
"2544","2022","Derailment"
"2553","2022","Derailment"
"2564","2021","Derailment"
"2577","2020","Derailment"
"2582","2021","Derailment"
"2584","2021","Derailment"
"2611","2020","Derailment"
"2612","2020","Derailment"
"2613","2020","Derailment"
"2615","2019","Derailment"
"2617","2020","Derailment"
"2632","2020","Derailment"
"2634","2019","Derailment"
"2636","2020","Derailment"
"2654","2021","Derailment"
"2656","2021","Derailment"
"2657","2022","Derailment"
"2658","2021","Derailment"
"2663","2021","Derailment"
"2667","2021","Derailment"
"2679","2022","Derailment"
"2695","2021","Derailment"
"2696","2021","Derailment"
"2697","2021","Derailment"
"2698","2021","Derailment"
"2704","2018","Derailment"
"2705","2018","Derailment"
"2708","2018","Derailment"
"2709","2018","Derailment"
"2711","2018","Derailment"
"2712","2019","Derailment"
"2714","2019","Derailment"
"2716","2019","Derailment"
"2717","2019","Derailment"
"2719","2018","Derailment"
"2720","2018","Derailment"
"2721","2019","Derailment"
"2722","2019","Derailment"
"2723","2019","Derailment"
"2724","2019","Derailment"
"2727","2019","Derailment"
"2728","2019","Derailment"
"2729","2019","Derailment"
"2730","2019","Derailment"
"2733","2019","Derailment"
"2735","2019","Derailment"
"2736","2018","Derailment"
"2738","2019","Derailment"
"2741","2019","Derailment"
"2744","2018","Derailment"
"2745","2019","Derailment"
"2746","2020","Derailment"
"2748","2020","Derailment"
"2750","2020","Derailment"
"2752","2021","Derailment"
"2756","2020","Derailment"
"2757","2019","Derailment"
"2759","2019","Derailment"
"2760","2020","Derailment"
"2761","2019","Derailment"
"2763","2020","Derailment"
"2771","2020","Derailment"
"2772","2020","Derailment"
"2774","2019","Derailment"
"2782","2019","Derailment"
"2783","2020","Derailment"
"2784","2020","Derailment"
"2787","2019","Derailment"
"2788","2020","Derailment"
"2791","2020","Derailment"
"2792","2020","Derailment"
"2793","2020","Derailment"
"2797","2018","Derailment"
"2833","2018","Derailment"
"2834","2018","Derailment"
"2839","2022","Derailment"
"2841","2022","Derailment"
"2842","2022","Derailment"
"2843","2022","Derailment"
"2845","2021","Derailment"
"2848","2019","Derailment"
"2854","2022","Derailment"
"2863","2018","Derailment"
"2864","2018","Derailment"
"2866","2018","Derailment"
"2869","2018","Derailment"
"2893","2018","Derailment"
"2897","2018","Derailment"
"2900","2018","Derailment"
"2901","2018","Derailment"
"2904","2018","Derailment"
"2906","2018","Derailment"
"2907","2019","Derailment"
"2912","2019","Derailment"
"2914","2019","Derailment"
"2915","2018","Derailment"
"2916","2019","Derailment"
"2917","2018","Derailment"
"2919","2018","Derailment"
"2920","2018","Derailment"
"2935","2021","Derailment"
"2936","2018","Derailment"
"2939","2018","Derailment"
"2940","2018","Derailment"
"2961","2018","Derailment"
"2964","2018","Derailment"
"2977","2021","Derailment"
"2988","2018","Derailment"
"3005","2022","Derailment"
"3012","2018","Derailment"
"3015","2022","Derailment"
"3018","2020","Derailment"
"3023","2022","Derailment"
"3030","2022","Derailment"
"3048","2021","Derailment"
"3055","2022","Derailment"
"3058","2019","Derailment"
"3059","2020","Derailment"
"3068","2018","Derailment"
"3070","2018","Derailment"
"3072","2018","Derailment"
"3074","2018","Derailment"
"3075","2018","Derailment"
"3076","2018","Derailment"
"3077","2018","Derailment"
"3078","2018","Derailment"
"3080","2019","Derailment"
"3086","2018","Derailment"
"3088","2018","Derailment"
"3090","2018","Derailment"
"3094","2021","Derailment"
"3102","2021","Derailment"
"3114","2018","Derailment"
"3116","2018","Derailment"
"3117","2018","Derailment"
"3119","2018","Derailment"
"3125","2018","Derailment"
"3126","2018","Derailment"
"3128","2018","Derailment"
"3139","2018","Derailment"
"3142","2022","Derailment"
"3143","2022","Derailment"
"3150","2021","Derailment"
"3160","2021","Derailment"
"3168","2022","Derailment"
"3180","2019","Derailment"
"3182","2019","Derailment"
"3188","2018","Derailment"
"3192","2018","Derailment"
"3193","2021","Derailment"
"3196","2020","Derailment"
"3197","2019","Derailment"
"3198","2019","Derailment"
"3200","2018","Derailment"
"3202","2019","Derailment"
"3204","2021","Derailment"
"3206","2021","Derailment"
"3212","2020","Derailment"
"3213","2021","Derailment"
"3225","2019","Derailment"
"3226","2018","Derailment"
"3227","2018","Derailment"
"3228","2018","Derailment"
"3243","2022","Derailment"
"3244","2021","Derailment"
"3246","2021","Derailment"
"3250","2020","Derailment"
"3255","2021","Derailment"
"3258","2020","Derailment"
"3266","2020","Derailment"
"3287","2021","Derailment"
"3289","2021","Derailment"
"3290","2021","Derailment"
"3291","2021","Derailment"
"3325","2020","Derailment"
"3331","2020","Derailment"
"3332","2020","Derailment"
"3342","2018","Derailment"
"3344","2019","Derailment"
"3345","2019","Derailment"
"3346","2019","Derailment"
"3356","2020","Derailment"
"3369","2018","Derailment"
"3380","2020","Derailment"
"3381","2019","Derailment"
"3382","2019","Derailment"
"3385","2019","Derailment"
"3387","2019","Derailment"
"3389","2021","Derailment"
"3390","2020","Derailment"
"3391","2020","Derailment"
"3403","2020","Derailment"
"3404","2019","Derailment"
"3405","2018","Derailment"
"3406","2018","Derailment"
"3415","2022","Derailment"
"3423","2021","Derailment"
"3427","2022","Derailment"
"3429","2022","Derailment"
"3432","2022","Derailment"
"3444","2021","Derailment"
"3445","2022","Derailment"
"3464","2020","Derailment"
"3465","2021","Derailment"
"3466","2021","Derailment"
"3476","2021","Derailment"
"3486","2020","Derailment"
"3495","2021","Derailment"
"3524","2020","Derailment"
"3527","2020","Derailment"
"3528","2020","Derailment"
"3550","2019","Derailment"
"3552","2019","Derailment"
"3553","2019","Derailment"
"3554","2018","Derailment"
"3565","2020","Derailment"
"3566","2020","Derailment"
"3569","2020","Derailment"
"3571","2020","Derailment"
"3572","2020","Derailment"
"3573","2020","Derailment"
"3587","2019","Derailment"
"3588","2019","Derailment"
"3590","2018","Derailment"
"3592","2019","Derailment"
"3594","2019","Derailment"
"3596","2019","Derailment"
"3597","2019","Derailment"
"3598","2019","Derailment"
"3603","2020","Derailment"
"3609","2021","Derailment"
"3641","2020","Derailment"
"3661","2021","Derailment"
"3665","2020","Derailment"
"3667","2021","Derailment"
"3673","2019","Derailment"
"3674","2019","Derailment"
"3675","2019","Derailment"
"3676","2019","Derailment"
"3677","2019","Derailment"
"3678","2019","Derailment"
"3681","2019","Derailment"
"3686","2020","Derailment"
"3687","2019","Derailment"
"3688","2020","Derailment"
"3694","2021","Derailment"
"3702","2022","Derailment"
"3711","2020","Derailment"
"3721","2019","Derailment"
"3722","2019","Derailment"
"3723","2019","Derailment"
"3742","2019","Derailment"
"3756","2019","Derailment"
"3758","2020","Derailment"
"3759","2020","Derailment"
"3760","2020","Derailment"
"3761","2022","Derailment"
"3763","2022","Derailment"
"3765","2020","Derailment"
"3766","2020","Derailment"
"3768","2020","Derailment"
"3779","2020","Derailment"
"3782","2022","Derailment"
"3788","2018","Derailment"
"3789","2018","Derailment"
"3801","2018","Derailment"
"3802","2020","Derailment"
"3803","2021","Derailment"
"3806","2021","Derailment"
"3807","2021","Derailment"
"3809","2022","Derailment"
"3810","2022","Derailment"
"3813","2022","Derailment"
"3821","2021","Derailment"
"3824","2020","Derailment"
"3825","2020","Derailment"
"3833","2019","Derailment"
"3834","2018","Derailment"
"3835","2018","Derailment"
"3841","2019","Derailment"
"3842","2019","Derailment"
"3844","2019","Derailment"
"3850","2018","Derailment"
"3854","2019","Derailment"
"3856","2018","Derailment"
"3861","2018","Derailment"
"3872","2018","Derailment"
"3873","2018","Derailment"
"3874","2018","Derailment"
"3877","2022","Derailment"
"3878","2022","Derailment"
"3882","2022","Derailment"
"3884","2022","Derailment"
"3885","2022","Derailment"
"3901","2020","Derailment"
"3909","2022","Derailment"
"3910","2022","Derailment"
"3911","2021","Derailment"
"3924","2022","Derailment"
"3925","2022","Derailment"
"3940","2022","Derailment"
"3942","2022","Derailment"
"3966","2018","Derailment"
"3971","2022","Derailment"
"3980","2019","Derailment"
"3986","2022","Derailment"
"4000","2022","Derailment"
"4002","2022","Derailment"
"4004","2022","Derailment"
"4005","2022","Derailment"
"4006","2022","Derailment"
"4015","2022","Derailment"
"4016","2022","Derailment"
"4056","2018","Derailment"
"4064","2022","Derailment"
"4073","2022","Derailment"
"4115","2022","Derailment"
"4137","2020","Derailment"
"4167","2018","Derailment"
"4198","2022","Derailment"
"4199","2022","Derailment"
"4206","2022","Derailment"
"4207","2022","Derailment"
"4208","2022","Derailment"
"4209","2022","Derailment"
"4210","2022","Derailment"
"4215","2021","Derailment"
"4217","2021","Derailment"
"4219","2021","Derailment"
"4220","2021","Derailment"
"4224","2021","Derailment"
"4225","2021","Derailment"
"4226","2021","Derailment"
"4235","2021","Derailment"
"4236","2021","Derailment"
"4244","2022","Derailment"
"4245","2021","Derailment"
"4246","2021","Derailment"
"4250","2021","Derailment"
"4253","2021","Derailment"
"4254","2021","Derailment"
"4255","2021","Derailment"
"4256","2021","Derailment"
"4267","2021","Derailment"
"4268","2021","Derailment"
"4269","2021","Derailment"
"4272","2021","Derailment"
"4273","2021","Derailment"
"4289","2021","Derailment"
"4292","2021","Derailment"
"4306","2022","Derailment"
"4307","2022","Derailment"
"4308","2022","Derailment"
"4312","2018","Derailment"
"4313","2019","Derailment"
"4316","2022","Derailment"
"4317","2022","Derailment"
"4341","2021","Derailment"
"4342","2021","Derailment"
"4343","2021","Derailment"
"4365","2021","Derailment"
"4366","2021","Derailment"
"4396","2020","Derailment"
"4397","2020","Derailment"
"4417","2022","Derailment"
"4421","2020","Derailment"
