raw_id,report_year,track_type,severity_class,valid_damage_usd,valid_injured,valid_hazmat
32,2018,Yard,medium,12180,0,0
45,2022,Yard,medium,40000,0,0
46,2022,Yard,medium,27368,0,0
47,2022,Yard,medium,27368,0,0
57,2018,Yard,medium,42000,0,0
59,2021,Industry,medium,57000,0,0
61,2021,Yard,medium,70000,0,0
74,2018,Main,medium,94434,0,0
76,2018,Yard,medium,80865,0,0
77,2018,Yard,medium,80865,0,0
90,2018,Yard,high,108491,0,0
91,2018,Yard,medium,16273,0,0
97,2021,Main,critical,1385779,0,0
98,2021,Main,critical,1385779,0,0
107,2018,Yard,medium,29313,0,0
117,2018,Yard,medium,25652,0,0
118,2018,Main,high,647417,0,0
119,2018,Main,high,184496,0,0
120,2018,Main,medium,35000,0,0
130,2022,Yard,high,289734,0,0
131,2022,Yard,medium,33266,0,0
132,2022,Yard,medium,33266,0,0
133,2022,Main,high,165473,0,0
134,2022,Industry,medium,46127,0,0
145,2022,Main,medium,31215,0,0
167,2021,Yard,medium,36979,0,0
182,2018,Yard,medium,24557,0,0
185,2020,Yard,medium,13286,0,0
186,2018,Industry,medium,14000,0,0
188,2019,Yard,medium,50820,0,0
192,2021,Yard,medium,46709,0,0
193,2021,Main,medium,34618,0,0
194,2021,Main,medium,11225,0,0
199,2022,Industry,medium,26439,0,0
211,2020,Main,high,165794,0,0
212,2020,Yard,medium,32900,0,0
213,2020,Yard,medium,32900,0,0
214,2020,Industry,medium,21000,0,0
223,2022,Yard,high,451711,0,0
225,2022,Main,medium,69000,0,0
226,2019,Siding,medium,78689,0,0
227,2019,Main,high,224493,0,0
228,2019,Main,medium,31820,0,0
229,2019,Yard,medium,17806,0,0
232,2021,Yard,low,7043,0,0
236,2019,Main,medium,27800,0,0
237,2019,Main,medium,45700,0,0
240,2018,Yard,medium,88332,0,0
249,2021,Main,high,257000,0,0
250,2021,Yard,high,118612,0,0
251,2021,Main,medium,50000,0,0
252,2021,Main,medium,50000,0,0
256,2022,Siding,medium,40143,0,0
275,2018,Yard,medium,74107,0,0
276,2018,Main,high,142588,0,0
281,2020,Main,high,130000,0,0
282,2020,Yard,high,206657,0,0
284,2022,Industry,medium,17144,0,0
289,2021,Yard,medium,25000,0,0
296,2021,Yard,medium,63690,0,0
308,2018,Yard,high,248793,0,0
309,2018,Industry,medium,12682,0,0
310,2018,Yard,high,129168,0,0
313,2018,Yard,medium,19755,0,0
314,2018,Industry,medium,17078,0,0
322,2018,Yard,medium,14182,0,0
324,2018,Yard,medium,44473,0,0
325,2018,Industry,medium,17122,0,0
336,2018,Yard,medium,51000,0,0
338,2018,Yard,high,219461,0,0
341,2018,Yard,medium,98211,0,0
343,2018,Siding,critical,553403,0,1
345,2018,Yard,high,184338,0,0
346,2018,Yard,high,184338,0,0
347,2019,Yard,medium,31208,0,0
348,2019,Yard,medium,68971,0,0
349,2019,Yard,medium,32243,0,0
350,2019,Siding,high,167902,0,0
351,2019,Yard,medium,12939,0,0
352,2018,Main,medium,42000,0,0
355,2019,Yard,medium,30539,0,0
356,2020,Main,medium,24158,0,0
357,2019,Yard,medium,16355,0,0
358,2018,Yard,medium,21783,0,0
359,2020,Main,high,113580,0,0
361,2020,Main,medium,29548,0,0
362,2020,Yard,high,102307,0,0
363,2019,Main,high,367985,0,0
366,2019,Yard,critical,1233333,0,0
367,2020,Industry,high,151350,0,0
368,2020,Yard,medium,53819,0,0
371,2020,Main,critical,1806931,0,0
399,2021,Industry,medium,20463,0,0
403,2020,Siding,high,317015,0,0
404,2020,Yard,high,544458,0,0
405,2020,Yard,high,544458,0,0
420,2021,Yard,medium,44020,0,0
421,2021,Yard,medium,41984,0,0
425,2021,Yard,high,501063,0,0
459,2022,Main,high,402882,0,0
464,2022,Industry,medium,71981,0,0
467,2022,Yard,medium,12319,0,0
481,2022,Yard,medium,89333,0,0
482,2022,Yard,medium,11300,0,0
484,2022,Main,medium,36550,0,0
509,2018,Yard,high,143794,0,0
511,2021,Main,critical,6361136,0,2
512,2021,Yard,high,205135,0,0
513,2020,Yard,high,151539,0,0
518,2022,Yard,medium,25230,0,0
519,2022,Siding,high,125389,0,0
525,2020,Main,medium,19500,0,0
526,2020,Siding,medium,38000,0,0
531,2019,Yard,medium,62300,0,0
533,2021,Main,high,327494,0,0
535,2021,Main,medium,40000,0,0
547,2022,Yard,medium,13000,0,0
559,2018,Industry,high,148528,0,0
560,2018,Yard,medium,11380,0,0
561,2018,Yard,medium,61348,0,0
562,2019,Industry,medium,12139,0,0
583,2021,Main,high,108000,0,0
586,2020,Main,critical,2447142,0,0
597,2021,Yard,high,150171,0,0
598,2021,Yard,high,108502,0,0
604,2018,Main,high,109535,0,0
606,2018,Industry,medium,57781,0,0
609,2020,Main,high,221166,0,0
620,2019,Yard,medium,78951,0,0
623,2019,Yard,high,231669,0,0
639,2022,Yard,medium,54252,0,0
645,2019,Yard,high,172523,0,0
647,2019,Yard,medium,29643,0,0
650,2018,Main,high,179291,0,0
658,2022,Main,medium,30491,0,0
659,2022,Yard,medium,11572,0,0
660,2022,Main,medium,29000,0,0
666,2021,Industry,medium,36989,0,0
667,2020,Siding,medium,27212,0,0
668,2020,Yard,medium,59133,0,0
670,2020,Main,medium,24545,0,0
689,2022,Industry,medium,40145,0,0
701,2019,Siding,medium,51320,0,0
703,2018,Industry,high,128000,0,0
706,2020,Main,critical,1514895,0,0
709,2020,Main,high,197635,0,0
720,2021,Main,medium,12376,0,0
730,2022,Yard,high,211116,0,0
745,2019,Main,medium,89594,0,0
750,2020,Yard,medium,14919,0,0
753,2021,Yard,medium,23586,0,0
761,2022,Main,low,8,0,0
762,2022,Yard,high,219508,0,0
772,2018,Industry,medium,13263,0,0
773,2018,Main,high,554189,0,0
779,2021,Main,high,802459,0,0
780,2019,Main,high,688376,0,0
782,2018,Yard,medium,78058,0,0
783,2018,Yard,high,175256,0,0
785,2018,Yard,medium,14576,0,0
787,2018,Main,high,117273,0,0
789,2019,Industry,high,226421,0,0
791,2018,Yard,medium,63411,0,0
793,2018,Main,high,234944,0,0
794,2018,Yard,medium,20678,0,0
795,2018,Main,medium,48675,0,0
796,2020,Yard,medium,20813,0,0
798,2020,Yard,medium,15567,0,0
800,2020,Main,high,197905,0,0
801,2019,Yard,medium,40478,0,0
802,2019,Main,critical,1019651,0,0
804,2020,Industry,medium,43578,0,0
810,2019,Yard,medium,12430,0,0
811,2020,Yard,medium,58014,0,0
820,2020,Yard,high,192745,0,0
837,2022,Yard,medium,45838,0,0
843,2022,Main,medium,54173,0,0
845,2022,Yard,medium,11460,0,0
863,2022,Main,critical,1024218,0,0
869,2021,Yard,medium,54938,0,0
877,2022,Yard,medium,42677,0,0
878,2022,Industry,medium,32699,0,0
882,2021,Yard,medium,14798,0,0
883,2021,Yard,high,631920,0,0
888,2022,Yard,high,401440,0,0
915,2022,Siding,medium,87032,0,0
916,2021,Yard,medium,20847,0,0
924,2022,Main,medium,14107,0,0
925,2022,Yard,high,124249,0,0
929,2021,Yard,medium,37500,0,0
930,2021,Main,medium,30000,0,0
932,2021,Yard,high,288066,0,0
938,2022,Yard,medium,38963,0,0
951,2021,Yard,medium,32000,0,0
952,2021,Main,medium,70141,0,0
964,2021,Yard,medium,62000,0,0
972,2021,Yard,high,218427,0,0
975,2021,Yard,medium,22516,0,0
994,2021,Yard,medium,46511,0,0
995,2022,Main,critical,610155,0,1
996,2022,Industry,medium,47800,0,0
997,2022,Main,critical,1024218,0,0
998,2022,Yard,medium,17800,0,0
999,2022,Yard,medium,17800,0,0
1000,2022,Yard,medium,17800,0,0
1002,2021,Main,medium,99785,0,0
1003,2021,Main,medium,87834,0,0
1004,2021,Main,critical,1104556,0,0
1016,2022,Industry,medium,78800,0,0
1039,2021,Main,high,967268,0,0
1041,2021,Main,medium,40200,0,0
1042,2021,Yard,medium,12876,0,0
1044,2021,Yard,high,322000,0,0
1048,2021,Yard,medium,43139,0,0
1053,2021,Main,medium,45000,0,0
1056,2021,Yard,high,323740,0,0
1057,2021,Yard,high,145518,0,0
1058,2022,Main,high,704051,0,0
1081,2021,Main,high,288428,0,0
1084,2021,Yard,high,174515,0,0
1119,2021,Siding,high,639266,0,0
1136,2021,Yard,high,136604,0,0
1139,2021,Yard,medium,46511,0,0
1142,2021,Yard,medium,13090,0,0
1143,2021,Yard,high,141437,0,0
1144,2021,Main,medium,26710,0,0
1151,2021,Industry,medium,40639,0,0
1152,2021,Yard,medium,42639,0,0
1153,2021,Yard,high,110979,0,0
1154,2021,Yard,medium,56174,0,0
1155,2021,Main,medium,99785,0,0
1158,2021,Yard,high,225148,0,0
1171,2022,Yard,high,279953,0,0
1173,2020,Main,medium,11630,0,0
1183,2022,Main,high,573062,0,0
1187,2021,Main,high,997601,0,0
1188,2021,Main,medium,76600,0,0
1197,2020,Yard,high,105677,0,0
1198,2020,Yard,medium,21000,0,0
1203,2020,Main,critical,1341547,0,0
1204,2020,Main,high,217812,0,0
1205,2019,Yard,high,121053,0,0
1206,2019,Main,high,316707,0,0
1208,2020,Yard,medium,87939,0,0
1249,2021,Main,medium,29000,0,0
1250,2020,Yard,medium,14123,0,0
1251,2020,Main,high,786490,0,0
1253,2020,Main,high,786490,0,0
1254,2020,Yard,medium,37631,0,0
1255,2021,Main,high,466950,0,0
